PRAGMA foreign_keys=OFF;
BEGIN TRANSACTION;
CREATE TABLE IF NOT EXISTS "django_migrations" ("id" integer NOT NULL PRIMARY KEY AUTOINCREMENT, "app" varchar(255) NOT NULL, "name" varchar(255) NOT NULL, "applied" datetime NOT NULL);
INSERT INTO django_migrations VALUES(1,'contenttypes','0001_initial','2022-07-06 03:58:49.431792');
INSERT INTO django_migrations VALUES(2,'contenttypes','0002_remove_content_type_name','2022-07-06 03:58:49.444994');
INSERT INTO django_migrations VALUES(3,'auth','0001_initial','2022-07-06 03:58:49.463503');
INSERT INTO django_migrations VALUES(4,'auth','0002_alter_permission_name_max_length','2022-07-06 03:58:49.473146');
INSERT INTO django_migrations VALUES(5,'auth','0003_alter_user_email_max_length','2022-07-06 03:58:49.482302');
INSERT INTO django_migrations VALUES(6,'auth','0004_alter_user_username_opts','2022-07-06 03:58:49.490241');
INSERT INTO django_migrations VALUES(7,'auth','0005_alter_user_last_login_null','2022-07-06 03:58:49.497919');
INSERT INTO django_migrations VALUES(8,'auth','0006_require_contenttypes_0002','2022-07-06 03:58:49.501175');
INSERT INTO django_migrations VALUES(9,'auth','0007_alter_validators_add_error_messages','2022-07-06 03:58:49.509146');
INSERT INTO django_migrations VALUES(10,'auth','0008_alter_user_username_max_length','2022-07-06 03:58:49.516840');
INSERT INTO django_migrations VALUES(11,'auth','0009_alter_user_last_name_max_length','2022-07-06 03:58:49.524513');
INSERT INTO django_migrations VALUES(12,'auth','0010_alter_group_name_max_length','2022-07-06 03:58:49.533252');
INSERT INTO django_migrations VALUES(13,'auth','0011_update_proxy_permissions','2022-07-06 03:58:49.541706');
INSERT INTO django_migrations VALUES(14,'auth','0012_alter_user_first_name_max_length','2022-07-06 03:58:49.549752');
INSERT INTO django_migrations VALUES(15,'customer','0001_initial','2022-07-06 03:58:49.564539');
INSERT INTO django_migrations VALUES(16,'address','0001_initial','2022-07-06 03:58:49.579318');
INSERT INTO django_migrations VALUES(17,'address','0002_address_area_address_block_address_building_name_and_more','2022-07-06 03:58:49.639704');
INSERT INTO django_migrations VALUES(18,'address','0003_alter_address_name','2022-07-06 03:58:49.652480');
INSERT INTO django_migrations VALUES(19,'admin','0001_initial','2022-07-06 03:58:49.667611');
INSERT INTO django_migrations VALUES(20,'admin','0002_logentry_remove_auto_add','2022-07-06 03:58:49.681175');
INSERT INTO django_migrations VALUES(21,'admin','0003_logentry_add_action_flag_choices','2022-07-06 03:58:49.696194');
INSERT INTO django_migrations VALUES(22,'category','0001_initial','2022-07-06 03:58:49.706075');
INSERT INTO django_migrations VALUES(23,'category','0002_category_sub_category_alter_category_slug','2022-07-06 03:58:49.721255');
INSERT INTO django_migrations VALUES(24,'products','0001_initial','2022-07-06 03:58:49.735827');
INSERT INTO django_migrations VALUES(25,'products','0002_alter_products_created_at_alter_products_updated_at','2022-07-06 03:58:49.755118');
INSERT INTO django_migrations VALUES(26,'products','0003_alter_products_slug','2022-07-06 03:58:49.797196');
INSERT INTO django_migrations VALUES(27,'products','0004_alter_products_options_remove_products_is_active_and_more','2022-07-06 03:58:49.831263');
INSERT INTO django_migrations VALUES(28,'cart','0001_initial','2022-07-06 03:58:49.859745');
INSERT INTO django_migrations VALUES(29,'cart','0002_remove_cartitem_item','2022-07-06 03:58:49.877997');
INSERT INTO django_migrations VALUES(30,'cart','0003_cartitem_user','2022-07-06 03:58:49.894895');
INSERT INTO django_migrations VALUES(31,'cart','0004_remove_cartitem_cart','2022-07-06 03:58:49.910129');
INSERT INTO django_migrations VALUES(32,'cart','0005_cartitem_product','2022-07-06 03:58:49.928288');
INSERT INTO django_migrations VALUES(33,'cart','0006_cart_active_cart_item_cart_text_percentage_and_more','2022-07-06 03:58:50.000925');
INSERT INTO django_migrations VALUES(34,'cart','0007_remove_cartitem_user','2022-07-06 03:58:50.020977');
INSERT INTO django_migrations VALUES(35,'cart','0008_remove_cart_item','2022-07-06 03:58:50.038567');
INSERT INTO django_migrations VALUES(36,'cart','0009_remove_cart_owner_cart_user','2022-07-06 03:58:50.072320');
INSERT INTO django_migrations VALUES(37,'cart','0010_alter_cartitem_cart_item','2022-07-06 03:58:50.090039');
INSERT INTO django_migrations VALUES(38,'cart','0011_alter_cart_options_remove_cart_active_and_more','2022-07-06 03:58:50.145905');
INSERT INTO django_migrations VALUES(39,'cart','0012_alter_cartitem_product','2022-07-06 03:58:50.162385');
INSERT INTO django_migrations VALUES(40,'cart','0013_alter_cartitem_cart_item','2022-07-06 03:58:50.182264');
INSERT INTO django_migrations VALUES(41,'cart','0014_alter_cartitem_product','2022-07-06 03:58:50.202887');
INSERT INTO django_migrations VALUES(42,'category','0003_alter_category_created_at','2022-07-06 03:58:50.223488');
INSERT INTO django_migrations VALUES(43,'category','0004_alter_category_updated_at','2022-07-06 03:58:50.243257');
INSERT INTO django_migrations VALUES(44,'category','0005_alter_category_updated_at','2022-07-06 03:58:50.263484');
INSERT INTO django_migrations VALUES(45,'category','0006_rename_sub_category_category_parent','2022-07-06 03:58:50.284327');
INSERT INTO django_migrations VALUES(46,'category','0007_alter_category_slug','2022-07-06 03:58:50.303619');
INSERT INTO django_migrations VALUES(47,'category','0008_rename_name_category_category_name','2022-07-06 03:58:50.321973');
INSERT INTO django_migrations VALUES(48,'category','0009_alter_category_slug','2022-07-06 03:58:50.341190');
INSERT INTO django_migrations VALUES(49,'category','0010_alter_category_parent','2022-07-06 03:58:50.358715');
INSERT INTO django_migrations VALUES(50,'category','0011_alter_category_options_remove_category_is_active_and_more','2022-07-06 03:58:50.396676');
INSERT INTO django_migrations VALUES(51,'category','0012_remove_category_category_name_and_more','2022-07-06 03:58:50.482875');
INSERT INTO django_migrations VALUES(52,'category','0013_alter_category_description_alter_category_name_and_more','2022-07-06 03:58:50.531122');
INSERT INTO django_migrations VALUES(53,'category','0014_rename_name_category_categories_alter_category_slug','2022-07-06 03:58:50.602365');
INSERT INTO django_migrations VALUES(54,'category','0015_alter_category_managers','2022-07-06 03:58:50.610290');
INSERT INTO django_migrations VALUES(55,'category','0016_category_user','2022-07-06 03:58:50.629222');
INSERT INTO django_migrations VALUES(56,'customer','0002_customer_age','2022-07-06 03:58:50.646453');
INSERT INTO django_migrations VALUES(57,'customer','0003_alter_customer_birth_date','2022-07-06 03:58:50.664096');
INSERT INTO django_migrations VALUES(58,'customer','0004_alter_customer_birth_date','2022-07-06 03:58:50.680719');
INSERT INTO django_migrations VALUES(59,'customer','0005_customer_user_types_buisness','2022-07-06 03:58:50.713082');
INSERT INTO django_migrations VALUES(60,'customer','0006_remove_customer_user_types','2022-07-06 03:58:50.734862');
INSERT INTO django_migrations VALUES(61,'products','0005_products_user','2022-07-06 03:58:50.757245');
INSERT INTO django_migrations VALUES(62,'products','0006_rename_user_products_buisness_user','2022-07-06 03:58:50.774294');
INSERT INTO django_migrations VALUES(63,'customer','0007_customer_parent','2022-07-06 03:58:50.794946');
INSERT INTO django_migrations VALUES(64,'customer','0008_rename_parent_customer_manager','2022-07-06 03:58:50.816652');
INSERT INTO django_migrations VALUES(65,'customer','0009_rename_buisness_business_and_more','2022-07-06 03:58:50.873818');
INSERT INTO django_migrations VALUES(66,'customer','0010_rename_nature_of_buisness_business_nature_of_business','2022-07-06 03:58:50.891018');
INSERT INTO django_migrations VALUES(67,'customer','0011_alter_business_managers','2022-07-06 03:58:50.905677');
INSERT INTO django_migrations VALUES(68,'customer','0012_alter_business_managers','2022-07-06 03:58:50.921298');
INSERT INTO django_migrations VALUES(69,'customer','0013_business_number_of_employees','2022-07-06 03:58:50.941550');
INSERT INTO django_migrations VALUES(70,'order','0001_initial','2022-07-06 03:58:50.962198');
INSERT INTO django_migrations VALUES(71,'order','0002_order_cart','2022-07-06 03:58:50.983441');
INSERT INTO django_migrations VALUES(72,'order','0003_alter_order_options_order_activate_date_and_more','2022-07-06 03:58:51.054070');
INSERT INTO django_migrations VALUES(73,'order','0004_remove_order_cart','2022-07-06 03:58:51.077519');
INSERT INTO django_migrations VALUES(74,'order','0005_order_cart','2022-07-06 03:58:51.099043');
INSERT INTO django_migrations VALUES(75,'order','0006_remove_order_quantity','2022-07-06 03:58:51.122635');
INSERT INTO django_migrations VALUES(76,'order','0007_remove_order_product','2022-07-06 03:58:51.144010');
INSERT INTO django_migrations VALUES(77,'order','0008_orderhistory','2022-07-06 03:58:51.164908');
INSERT INTO django_migrations VALUES(78,'order','0009_alter_order_cart','2022-07-06 03:58:51.188468');
INSERT INTO django_migrations VALUES(79,'order','0010_alter_orderhistory_order','2022-07-06 03:58:51.210564');
INSERT INTO django_migrations VALUES(80,'order','0011_alter_order_cart','2022-07-06 03:58:51.228184');
INSERT INTO django_migrations VALUES(81,'order','0012_alter_orderhistory_order','2022-07-06 03:58:51.246874');
INSERT INTO django_migrations VALUES(82,'order','0013_points','2022-07-06 03:58:51.265598');
INSERT INTO django_migrations VALUES(83,'order','0014_points_user','2022-07-06 03:58:51.288327');
INSERT INTO django_migrations VALUES(84,'order','0015_delete_points','2022-07-06 03:58:51.294425');
INSERT INTO django_migrations VALUES(85,'order','0016_points','2022-07-06 03:58:51.315539');
INSERT INTO django_migrations VALUES(86,'order','0017_remove_points_user_point_points_order_point','2022-07-06 03:58:51.397815');
INSERT INTO django_migrations VALUES(87,'order','0018_delete_orderhistory','2022-07-06 03:58:51.402819');
INSERT INTO django_migrations VALUES(88,'order','0019_alter_order_status','2022-07-06 03:58:51.423260');
INSERT INTO django_migrations VALUES(89,'order','0020_order_product','2022-07-06 03:58:51.445775');
INSERT INTO django_migrations VALUES(90,'order','0021_alter_order_address_alter_order_cart_and_more','2022-07-06 03:58:51.501735');
INSERT INTO django_migrations VALUES(91,'order','0022_order_estimated_delivery_charges','2022-07-06 03:58:51.524444');
INSERT INTO django_migrations VALUES(92,'order','0023_remove_order_phone','2022-07-06 03:58:51.547429');
INSERT INTO django_migrations VALUES(93,'order','0024_order_tax','2022-07-06 03:58:51.570396');
INSERT INTO django_migrations VALUES(94,'order','0025_order_total_cost','2022-07-06 03:58:51.593598');
INSERT INTO django_migrations VALUES(95,'products','0007_rename_buisness_user_products_business_user','2022-07-06 03:58:51.612936');
INSERT INTO django_migrations VALUES(96,'products','0008_products_user','2022-07-06 03:58:51.636380');
INSERT INTO django_migrations VALUES(97,'products','0009_alter_products_user','2022-07-06 03:58:51.660391');
INSERT INTO django_migrations VALUES(98,'sessions','0001_initial','2022-07-06 03:58:51.713339');
INSERT INTO django_migrations VALUES(99,'tag','0001_initial','2022-07-06 03:58:51.740560');
INSERT INTO django_migrations VALUES(100,'category','0017_alter_category_managers','2022-07-19 05:26:07.833534');
INSERT INTO django_migrations VALUES(101,'category','0018_alter_category_managers','2022-07-21 04:21:27.184918');
CREATE TABLE IF NOT EXISTS "django_content_type" ("id" integer NOT NULL PRIMARY KEY AUTOINCREMENT, "app_label" varchar(100) NOT NULL, "model" varchar(100) NOT NULL);
INSERT INTO django_content_type VALUES(1,'admin','logentry');
INSERT INTO django_content_type VALUES(2,'auth','permission');
INSERT INTO django_content_type VALUES(3,'auth','group');
INSERT INTO django_content_type VALUES(4,'contenttypes','contenttype');
INSERT INTO django_content_type VALUES(5,'sessions','session');
INSERT INTO django_content_type VALUES(6,'customer','customer');
INSERT INTO django_content_type VALUES(7,'customer','business');
INSERT INTO django_content_type VALUES(8,'tag','taggeditem');
INSERT INTO django_content_type VALUES(9,'category','category');
INSERT INTO django_content_type VALUES(10,'products','products');
INSERT INTO django_content_type VALUES(11,'cart','cart');
INSERT INTO django_content_type VALUES(12,'cart','cartitem');
INSERT INTO django_content_type VALUES(13,'order','order');
INSERT INTO django_content_type VALUES(14,'order','points');
INSERT INTO django_content_type VALUES(15,'address','address');
CREATE TABLE IF NOT EXISTS "auth_group_permissions" ("id" integer NOT NULL PRIMARY KEY AUTOINCREMENT, "group_id" integer NOT NULL REFERENCES "auth_group" ("id") DEFERRABLE INITIALLY DEFERRED, "permission_id" integer NOT NULL REFERENCES "auth_permission" ("id") DEFERRABLE INITIALLY DEFERRED);
CREATE TABLE IF NOT EXISTS "auth_permission" ("id" integer NOT NULL PRIMARY KEY AUTOINCREMENT, "content_type_id" integer NOT NULL REFERENCES "django_content_type" ("id") DEFERRABLE INITIALLY DEFERRED, "codename" varchar(100) NOT NULL, "name" varchar(255) NOT NULL);
INSERT INTO auth_permission VALUES(1,1,'add_logentry','Can add log entry');
INSERT INTO auth_permission VALUES(2,1,'change_logentry','Can change log entry');
INSERT INTO auth_permission VALUES(3,1,'delete_logentry','Can delete log entry');
INSERT INTO auth_permission VALUES(4,1,'view_logentry','Can view log entry');
INSERT INTO auth_permission VALUES(5,2,'add_permission','Can add permission');
INSERT INTO auth_permission VALUES(6,2,'change_permission','Can change permission');
INSERT INTO auth_permission VALUES(7,2,'delete_permission','Can delete permission');
INSERT INTO auth_permission VALUES(8,2,'view_permission','Can view permission');
INSERT INTO auth_permission VALUES(9,3,'add_group','Can add group');
INSERT INTO auth_permission VALUES(10,3,'change_group','Can change group');
INSERT INTO auth_permission VALUES(11,3,'delete_group','Can delete group');
INSERT INTO auth_permission VALUES(12,3,'view_group','Can view group');
INSERT INTO auth_permission VALUES(13,4,'add_contenttype','Can add content type');
INSERT INTO auth_permission VALUES(14,4,'change_contenttype','Can change content type');
INSERT INTO auth_permission VALUES(15,4,'delete_contenttype','Can delete content type');
INSERT INTO auth_permission VALUES(16,4,'view_contenttype','Can view content type');
INSERT INTO auth_permission VALUES(17,5,'add_session','Can add session');
INSERT INTO auth_permission VALUES(18,5,'change_session','Can change session');
INSERT INTO auth_permission VALUES(19,5,'delete_session','Can delete session');
INSERT INTO auth_permission VALUES(20,5,'view_session','Can view session');
INSERT INTO auth_permission VALUES(21,6,'add_customer','Can add user');
INSERT INTO auth_permission VALUES(22,6,'change_customer','Can change user');
INSERT INTO auth_permission VALUES(23,6,'delete_customer','Can delete user');
INSERT INTO auth_permission VALUES(24,6,'view_customer','Can view user');
INSERT INTO auth_permission VALUES(25,7,'add_business','Can add business');
INSERT INTO auth_permission VALUES(26,7,'change_business','Can change business');
INSERT INTO auth_permission VALUES(27,7,'delete_business','Can delete business');
INSERT INTO auth_permission VALUES(28,7,'view_business','Can view business');
INSERT INTO auth_permission VALUES(29,8,'add_taggeditem','Can add tagged item');
INSERT INTO auth_permission VALUES(30,8,'change_taggeditem','Can change tagged item');
INSERT INTO auth_permission VALUES(31,8,'delete_taggeditem','Can delete tagged item');
INSERT INTO auth_permission VALUES(32,8,'view_taggeditem','Can view tagged item');
INSERT INTO auth_permission VALUES(33,9,'add_category','Can add category');
INSERT INTO auth_permission VALUES(34,9,'change_category','Can change category');
INSERT INTO auth_permission VALUES(35,9,'delete_category','Can delete category');
INSERT INTO auth_permission VALUES(36,9,'view_category','Can view category');
INSERT INTO auth_permission VALUES(37,10,'add_products','Can add products');
INSERT INTO auth_permission VALUES(38,10,'change_products','Can change products');
INSERT INTO auth_permission VALUES(39,10,'delete_products','Can delete products');
INSERT INTO auth_permission VALUES(40,10,'view_products','Can view products');
INSERT INTO auth_permission VALUES(41,11,'add_cart','Can add cart');
INSERT INTO auth_permission VALUES(42,11,'change_cart','Can change cart');
INSERT INTO auth_permission VALUES(43,11,'delete_cart','Can delete cart');
INSERT INTO auth_permission VALUES(44,11,'view_cart','Can view cart');
INSERT INTO auth_permission VALUES(45,12,'add_cartitem','Can add cart item');
INSERT INTO auth_permission VALUES(46,12,'change_cartitem','Can change cart item');
INSERT INTO auth_permission VALUES(47,12,'delete_cartitem','Can delete cart item');
INSERT INTO auth_permission VALUES(48,12,'view_cartitem','Can view cart item');
INSERT INTO auth_permission VALUES(49,13,'add_order','Can add order');
INSERT INTO auth_permission VALUES(50,13,'change_order','Can change order');
INSERT INTO auth_permission VALUES(51,13,'delete_order','Can delete order');
INSERT INTO auth_permission VALUES(52,13,'view_order','Can view order');
INSERT INTO auth_permission VALUES(53,14,'add_points','Can add points');
INSERT INTO auth_permission VALUES(54,14,'change_points','Can change points');
INSERT INTO auth_permission VALUES(55,14,'delete_points','Can delete points');
INSERT INTO auth_permission VALUES(56,14,'view_points','Can view points');
INSERT INTO auth_permission VALUES(57,15,'add_address','Can add address');
INSERT INTO auth_permission VALUES(58,15,'change_address','Can change address');
INSERT INTO auth_permission VALUES(59,15,'delete_address','Can delete address');
INSERT INTO auth_permission VALUES(60,15,'view_address','Can view address');
CREATE TABLE IF NOT EXISTS "auth_group" ("id" integer NOT NULL PRIMARY KEY AUTOINCREMENT, "name" varchar(150) NOT NULL UNIQUE);
CREATE TABLE IF NOT EXISTS "customer_customer_groups" ("id" integer NOT NULL PRIMARY KEY AUTOINCREMENT, "customer_id" bigint NOT NULL REFERENCES "customer_customer" ("id") DEFERRABLE INITIALLY DEFERRED, "group_id" integer NOT NULL REFERENCES "auth_group" ("id") DEFERRABLE INITIALLY DEFERRED);
CREATE TABLE IF NOT EXISTS "customer_customer_user_permissions" ("id" integer NOT NULL PRIMARY KEY AUTOINCREMENT, "customer_id" bigint NOT NULL REFERENCES "customer_customer" ("id") DEFERRABLE INITIALLY DEFERRED, "permission_id" integer NOT NULL REFERENCES "auth_permission" ("id") DEFERRABLE INITIALLY DEFERRED);
CREATE TABLE IF NOT EXISTS "address_address" ("id" integer NOT NULL PRIMARY KEY AUTOINCREMENT, "phone" varchar(17) NOT NULL, "email" varchar(254) NOT NULL, "user_address_id" bigint NULL REFERENCES "customer_customer" ("id") DEFERRABLE INITIALLY DEFERRED, "area" varchar(20) NOT NULL, "block" varchar(5) NOT NULL, "building_name" varchar(20) NOT NULL, "flat_number" varchar(10) NOT NULL, "floor" varchar(20) NULL, "street" varchar(20) NOT NULL, "name" varchar(30) NOT NULL);
CREATE TABLE IF NOT EXISTS "django_admin_log" ("id" integer NOT NULL PRIMARY KEY AUTOINCREMENT, "action_time" datetime NOT NULL, "object_id" text NULL, "object_repr" varchar(200) NOT NULL, "change_message" text NOT NULL, "content_type_id" integer NULL REFERENCES "django_content_type" ("id") DEFERRABLE INITIALLY DEFERRED, "user_id" bigint NOT NULL REFERENCES "customer_customer" ("id") DEFERRABLE INITIALLY DEFERRED, "action_flag" smallint unsigned NOT NULL CHECK ("action_flag" >= 0));
INSERT INTO django_admin_log VALUES(1,'2022-07-18 09:13:48.596000','54','Category object (54)','',9,1,3);
INSERT INTO django_admin_log VALUES(2,'2022-07-18 09:13:48.601000','51','Category object (51)','',9,1,3);
INSERT INTO django_admin_log VALUES(3,'2022-07-18 09:13:48.604000','48','Category object (48)','',9,1,3);
INSERT INTO django_admin_log VALUES(4,'2022-07-18 09:13:48.607000','44','Category object (44)','',9,1,3);
INSERT INTO django_admin_log VALUES(5,'2022-07-18 09:13:48.610000','41','Category object (41)','',9,1,3);
INSERT INTO django_admin_log VALUES(6,'2022-07-18 11:05:07.746000','83','Category object (83)','',9,1,3);
INSERT INTO django_admin_log VALUES(7,'2022-07-18 11:05:07.751000','80','Category object (80)','',9,1,3);
INSERT INTO django_admin_log VALUES(8,'2022-07-18 11:05:07.754000','77','Category object (77)','',9,1,3);
INSERT INTO django_admin_log VALUES(9,'2022-07-18 11:05:07.757000','74','Category object (74)','',9,1,3);
INSERT INTO django_admin_log VALUES(10,'2022-07-18 11:05:07.761000','70','Category object (70)','',9,1,3);
INSERT INTO django_admin_log VALUES(11,'2022-07-18 11:05:07.764000','60','Category object (60)','',9,1,3);
INSERT INTO django_admin_log VALUES(12,'2022-07-18 11:05:07.769000','57','Category object (57)','',9,1,3);
CREATE TABLE IF NOT EXISTS "products_products_category" ("id" integer NOT NULL PRIMARY KEY AUTOINCREMENT, "products_id" bigint NOT NULL REFERENCES "products_products" ("id") DEFERRABLE INITIALLY DEFERRED, "category_id" bigint NOT NULL REFERENCES "category_category" ("id") DEFERRABLE INITIALLY DEFERRED);
CREATE TABLE IF NOT EXISTS "cart_cart" ("id" integer NOT NULL PRIMARY KEY AUTOINCREMENT, "number_of_items" integer unsigned NOT NULL CHECK ("number_of_items" >= 0), "total" decimal NOT NULL, "text_percentage" decimal NOT NULL, "text_total" decimal NOT NULL, "user_id" bigint NOT NULL REFERENCES "customer_customer" ("id") DEFERRABLE INITIALLY DEFERRED, "activate_date" datetime NULL, "deactivate_date" datetime NULL, "status" integer NOT NULL);
CREATE TABLE IF NOT EXISTS "cart_cartitem" ("id" integer NOT NULL PRIMARY KEY AUTOINCREMENT, "quantity" integer unsigned NOT NULL CHECK ("quantity" >= 0), "cart_item_id" bigint NULL REFERENCES "cart_cart" ("id") DEFERRABLE INITIALLY DEFERRED, "product_id" bigint NULL REFERENCES "products_products" ("id") DEFERRABLE INITIALLY DEFERRED);
CREATE TABLE IF NOT EXISTS "category_category" ("id" integer NOT NULL PRIMARY KEY AUTOINCREMENT, "slug" varchar(50) NOT NULL, "description" text NOT NULL, "activate_date" datetime NULL, "deactivate_date" datetime NULL, "status" integer NOT NULL, "categories" varchar(100) NOT NULL, "user_id" bigint NULL REFERENCES "customer_customer" ("id") DEFERRABLE INITIALLY DEFERRED, "parent_id" bigint NULL REFERENCES "category_category" ("id") DEFERRABLE INITIALLY DEFERRED);
INSERT INTO category_category VALUES(159,'cloth','In stock','2022-07-19 11:29:22.997000',NULL,1,'cloth',1,NULL);
INSERT INTO category_category VALUES(160,'topwear','In stock','2022-07-19 11:29:23.004000',NULL,1,'topwear',NULL,159);
INSERT INTO category_category VALUES(161,'bottomwear','In stock','2022-07-19 11:29:23.009000',NULL,1,'bottomwear',NULL,159);
CREATE TABLE IF NOT EXISTS "customer_customer" ("id" integer NOT NULL PRIMARY KEY AUTOINCREMENT, "password" varchar(128) NOT NULL, "last_login" datetime NULL, "is_superuser" bool NOT NULL, "first_name" varchar(150) NOT NULL, "last_name" varchar(150) NOT NULL, "email" varchar(254) NOT NULL, "is_staff" bool NOT NULL, "is_active" bool NOT NULL, "date_joined" datetime NOT NULL, "username" varchar(150) NOT NULL UNIQUE, "birth_date" date NULL, "gender" varchar(8) NOT NULL, "address" text NOT NULL, "phone_number" varchar(17) NOT NULL, "age" integer NULL, "manager_id" bigint NULL REFERENCES "customer_customer" ("id") DEFERRABLE INITIALLY DEFERRED);
INSERT INTO customer_customer VALUES(1,'pbkdf2_sha256$320000$h59RnLjS5NfHhVBQwQjYkG$DPC2XY9e5N43P1Wow9CqQ+D4GyPSSNBZ/hqNOGh09/A=','2022-07-06 05:09:13.509000',1,'','','admin@gmail.com',1,1,'2022-07-06 05:08:37.696000','admin',NULL,'female','','',NULL,NULL);
INSERT INTO customer_customer VALUES(2,'pbkdf2_sha256$320000$z3vuoyMl7k4FikSYBQu4KP$shlMLQa3LkhKEhyALYmTfcFOGlg5lm8z1nEYZ+dgGVg=',NULL,0,'','','narendramodi@gmail.com',0,1,'2022-07-15 04:56:28.638000','narendra',NULL,'female','','',NULL,NULL);
INSERT INTO customer_customer VALUES(19,'pbkdf2_sha256$320000$M1K0R672n4N2tygacSmkZf$Tr7Iay/yvo+K28ZDvp4U0I737NL7WHBtqz1lriw2hB0=',NULL,0,'yo','aadityanath','yogi@gmail.com',1,1,'1992-04-21 00:00:00','yogi','1979-03-18','male','UttarPradesh','1234567891',45,1);
CREATE TABLE IF NOT EXISTS "customer_business" ("id" integer NOT NULL PRIMARY KEY AUTOINCREMENT, "company_name" varchar(20) NOT NULL, "phone_number" varchar(17) NOT NULL, "company_email" varchar(254) NOT NULL, "Year_of_Establishment" date NOT NULL, "product_category" varchar(10) NOT NULL, "revenue" decimal NOT NULL, "offline_channel" bool NOT NULL, "company_profile" text NOT NULL, "portfolio" integer NOT NULL, "business_customer_id" bigint NULL REFERENCES "customer_customer" ("id") DEFERRABLE INITIALLY DEFERRED, "Nature_of_business" varchar(15) NOT NULL, "number_of_employees" integer NOT NULL);
INSERT INTO customer_business VALUES(1,'troo','','trootech@gmail.com','2015-03-23','abc',2000000,0,'bhjhghghghg',90000,1,'b2b_companies',4);
CREATE TABLE IF NOT EXISTS "order_points" ("id" integer NOT NULL PRIMARY KEY AUTOINCREMENT, "points_gained" integer NOT NULL, "order_point_id" bigint NULL UNIQUE REFERENCES "order_order" ("id") DEFERRABLE INITIALLY DEFERRED, "user_id" bigint NOT NULL REFERENCES "customer_customer" ("id") DEFERRABLE INITIALLY DEFERRED);
CREATE TABLE IF NOT EXISTS "order_order" ("id" integer NOT NULL PRIMARY KEY AUTOINCREMENT, "price" decimal NOT NULL, "date_added" datetime NOT NULL, "address_id" bigint NULL REFERENCES "address_address" ("id") DEFERRABLE INITIALLY DEFERRED, "status" integer NOT NULL, "user_id" bigint NOT NULL REFERENCES "customer_customer" ("id") DEFERRABLE INITIALLY DEFERRED, "activate_date" datetime NULL, "deactivate_date" datetime NULL, "cart_id" bigint NULL REFERENCES "cart_cart" ("id") DEFERRABLE INITIALLY DEFERRED, "product_id" bigint NULL REFERENCES "products_products" ("id") DEFERRABLE INITIALLY DEFERRED, "estimated_delivery_charges" integer NOT NULL, "tax" integer NOT NULL, "total_cost" integer NOT NULL);
CREATE TABLE IF NOT EXISTS "products_products" ("id" integer NOT NULL PRIMARY KEY AUTOINCREMENT, "name" varchar(50) NOT NULL, "price" decimal NOT NULL, "slug" varchar(50) NOT NULL, "brand" varchar(50) NOT NULL, "old_price" decimal NOT NULL, "new_price" decimal NOT NULL, "is_bestseller" bool NOT NULL, "is_featured" bool NOT NULL, "quantity" integer unsigned NOT NULL CHECK ("quantity" >= 0), "meta_keywords" varchar(50) NOT NULL, "meta_description" varchar(50) NOT NULL, "created_at" datetime NOT NULL, "updated_at" datetime NOT NULL, "activate_date" datetime NULL, "deactivate_date" datetime NULL, "status" integer NOT NULL, "business_user_id" bigint NULL REFERENCES "customer_business" ("id") DEFERRABLE INITIALLY DEFERRED, "user_id" bigint NULL REFERENCES "customer_customer" ("id") DEFERRABLE INITIALLY DEFERRED);
INSERT INTO products_products VALUES(7,'boots1',500,'boots1','',500,700,1,0,5,'','','2022-07-22 11:37:40.221000','2022-07-22 11:37:40.221000',NULL,NULL,1,NULL,1);
INSERT INTO products_products VALUES(8,'boots2',200,'boots2','',500,700,1,0,5,'','','2022-07-22 11:37:40.221000','2022-07-22 11:37:40.221000',NULL,NULL,1,NULL,1);
INSERT INTO products_products VALUES(9,'boots3',1000,'boots3','',500,700,1,0,5,'','','2022-07-22 11:37:40.222000','2022-07-22 11:37:40.222000',NULL,NULL,1,NULL,1);
CREATE TABLE IF NOT EXISTS "django_session" ("session_key" varchar(40) NOT NULL PRIMARY KEY, "session_data" text NOT NULL, "expire_date" datetime NOT NULL);
INSERT INTO django_session VALUES('wld9kucvjygmqb5r7x3pjc3dcbkrwooy','.eJxVjDsOwjAQBe_iGlkmjn-U9DlD9Ly7xgGUSPlUiLtDpBTQvpl5L9VjW2u_LTL3A6uLOqvT75ZBDxl3wHeMt0nTNK7zkPWu6IMuuptYntfD_TuoWOq39iZbDg7WZ4F4Dp4LZUqJEmCCONs0LcE4crZNJSKWWAQMNrDBePX-AArQOPA:1o8xHl:IvKBn2fFBilNtbo73VVYIhG26ESCCI-TPC112PfwW5o','2022-07-20 05:09:13.571000');
CREATE TABLE IF NOT EXISTS "tag_taggeditem" ("id" integer NOT NULL PRIMARY KEY AUTOINCREMENT, "tag" varchar(50) NOT NULL, "object_id" integer unsigned NOT NULL CHECK ("object_id" >= 0), "content_type_id" integer NOT NULL REFERENCES "django_content_type" ("id") DEFERRABLE INITIALLY DEFERRED);
DELETE FROM sqlite_sequence;
INSERT INTO sqlite_sequence VALUES('django_migrations',101);
INSERT INTO sqlite_sequence VALUES('django_content_type',15);
INSERT INTO sqlite_sequence VALUES('auth_permission',60);
INSERT INTO sqlite_sequence VALUES('auth_group',0);
INSERT INTO sqlite_sequence VALUES('address_address',0);
INSERT INTO sqlite_sequence VALUES('django_admin_log',12);
INSERT INTO sqlite_sequence VALUES('cart_cart',0);
INSERT INTO sqlite_sequence VALUES('cart_cartitem',0);
INSERT INTO sqlite_sequence VALUES('category_category',161);
INSERT INTO sqlite_sequence VALUES('customer_customer',20);
INSERT INTO sqlite_sequence VALUES('customer_business',1);
INSERT INTO sqlite_sequence VALUES('order_points',0);
INSERT INTO sqlite_sequence VALUES('order_order',0);
INSERT INTO sqlite_sequence VALUES('products_products',9);
CREATE UNIQUE INDEX "django_content_type_app_label_model_76bd3d3b_uniq" ON "django_content_type" ("app_label", "model");
CREATE UNIQUE INDEX "auth_group_permissions_group_id_permission_id_0cd325b0_uniq" ON "auth_group_permissions" ("group_id", "permission_id");
CREATE INDEX "auth_group_permissions_group_id_b120cbf9" ON "auth_group_permissions" ("group_id");
CREATE INDEX "auth_group_permissions_permission_id_84c5c92e" ON "auth_group_permissions" ("permission_id");
CREATE UNIQUE INDEX "auth_permission_content_type_id_codename_01ab375a_uniq" ON "auth_permission" ("content_type_id", "codename");
CREATE INDEX "auth_permission_content_type_id_2f476e4b" ON "auth_permission" ("content_type_id");
CREATE UNIQUE INDEX "customer_customer_groups_customer_id_group_id_7b37e958_uniq" ON "customer_customer_groups" ("customer_id", "group_id");
CREATE INDEX "customer_customer_groups_customer_id_cc388c92" ON "customer_customer_groups" ("customer_id");
CREATE INDEX "customer_customer_groups_group_id_a005825a" ON "customer_customer_groups" ("group_id");
CREATE UNIQUE INDEX "customer_customer_user_permissions_customer_id_permission_id_d54c5202_uniq" ON "customer_customer_user_permissions" ("customer_id", "permission_id");
CREATE INDEX "customer_customer_user_permissions_customer_id_0dffe549" ON "customer_customer_user_permissions" ("customer_id");
CREATE INDEX "customer_customer_user_permissions_permission_id_b5679413" ON "customer_customer_user_permissions" ("permission_id");
CREATE INDEX "address_address_user_address_id_a20357ed" ON "address_address" ("user_address_id");
CREATE INDEX "django_admin_log_content_type_id_c4bce8eb" ON "django_admin_log" ("content_type_id");
CREATE INDEX "django_admin_log_user_id_c564eba6" ON "django_admin_log" ("user_id");
CREATE UNIQUE INDEX "products_products_category_products_id_category_id_9ab0f2e2_uniq" ON "products_products_category" ("products_id", "category_id");
CREATE INDEX "products_products_category_products_id_649fe7a7" ON "products_products_category" ("products_id");
CREATE INDEX "products_products_category_category_id_2614a272" ON "products_products_category" ("category_id");
CREATE INDEX "cart_cart_user_id_9b4220b9" ON "cart_cart" ("user_id");
CREATE INDEX "cart_cartitem_cart_item_id_6b327e3f" ON "cart_cartitem" ("cart_item_id");
CREATE INDEX "cart_cartitem_product_id_b24e265a" ON "cart_cartitem" ("product_id");
CREATE INDEX "category_category_slug_4f83d5f6" ON "category_category" ("slug");
CREATE INDEX "category_category_user_id_6350d6af" ON "category_category" ("user_id");
CREATE INDEX "category_category_parent_id_bce0763d" ON "category_category" ("parent_id");
CREATE INDEX "customer_customer_manager_id_ea221c06" ON "customer_customer" ("manager_id");
CREATE INDEX "customer_business_business_customer_id_64edc2d1" ON "customer_business" ("business_customer_id");
CREATE INDEX "order_points_user_id_659b5e71" ON "order_points" ("user_id");
CREATE INDEX "order_order_address_id_f6eb43ad" ON "order_order" ("address_id");
CREATE INDEX "order_order_user_id_7cf9bc2b" ON "order_order" ("user_id");
CREATE INDEX "order_order_cart_id_d14f666c" ON "order_order" ("cart_id");
CREATE INDEX "order_order_product_id_fb1319ca" ON "order_order" ("product_id");
CREATE INDEX "products_products_slug_4c27532a" ON "products_products" ("slug");
CREATE INDEX "products_products_business_user_id_3f1c8d48" ON "products_products" ("business_user_id");
CREATE INDEX "products_products_user_id_0932cbdf" ON "products_products" ("user_id");
CREATE INDEX "django_session_expire_date_a5c62663" ON "django_session" ("expire_date");
CREATE INDEX "tag_taggeditem_tag_62d10730" ON "tag_taggeditem" ("tag");
CREATE INDEX "tag_taggeditem_content_type_id_ab47f8c8" ON "tag_taggeditem" ("content_type_id");
COMMIT;
